{"_step":1000,"true_temp":26.243452072143555,"_timestamp":1.762620774571141e+09,"true_load":49.27402114868164,"_runtime":1,"load_command":0.13284912705421448,"simulation_charts":{"sha256":"be518e903dd36875431e0e5a6d7e9a9a7ff15f73cbbb6f25e3782a996356edd2","size":147011,"path":"media/images/simulation_charts_1000_be518e903dd36875431e.png","format":"png","width":1500,"height":1200,"_type":"image-file"},"temp_command":6.647263526916504,"sensed_motor_temp":149.69471740722656,"sensed_temp":26.763683319091797,"_wandb":{"runtime":1},"is_under_attack":0,"step":999,"performance":-89.60037231445312,"sensed_load":49.33575439453125,"true_motor_temp":149.43719482421875}