{"sensed_temp":27.531661987304688,"_step":1000,"true_temp":26.619346618652344,"true_load":48.8211784362793,"step":999,"temp_command":6.4936676025390625,"true_motor_temp":148.9641876220703,"load_command":0.20298996567726135,"_timestamp":1.762452546948611e+09,"sensed_motor_temp":148.00625610351562,"sensed_load":48.985050201416016,"_wandb":{"runtime":1},"simulation_charts":{"size":113528,"path":"media/images/simulation_charts_1000_c3c8264254652fe13e3b.png","format":"png","width":1500,"height":1000,"_type":"image-file","sha256":"c3c8264254652fe13e3b293814512dc3dba35eeaabf70b9c827945e5b9a2c440"},"_runtime":1}