{"true_load":50.42244338989258,"_step":1000,"sensed_motor_temp":154.4581756591797,"sensed_temp":27.195556640625,"true_motor_temp":154.369140625,"temp_command":6.560888767242432,"_runtime":1,"_timestamp":1.762450769438537e+09,"simulation_charts":{"path":"media/images/simulation_charts_1000_5cb778541092aa4f4384.png","format":"png","width":1500,"height":1000,"_type":"image-file","sha256":"5cb778541092aa4f4384947eac8a2da1553c871557fb840a54bae35706774d22","size":111233},"true_temp":26.564577102661133,"sensed_load":50.87522506713867,"step":999,"load_command":-0.17504501342773438,"_wandb":{"runtime":1}}